"sgRNA","gene","plasmid","rows_zero","rows_cols"
"ABCE1_CCDS34071.1_ex7_4:146033406-146033429:-_5-4","ABCE1",15,14,c("C2BBe1_c903", "GP5d_c903", "HCT15_c902", "HT29_c903", "LS1034_c903", "LS411N_c903", "LS513_c903", "MDST8_c903", "RCM1_c903", "SNU61_c903", "SNU81_c903", "SNUC1_c903", "SW837", "T84")
"ADSS_CCDS1624.1_ex12_1:244614987-244615010:-_5-5","ADSS",20,10,c("C2BBe1_c903", "HCT15_c902", "HT29_c903", "HT29_c920", "KM12_c903", "Lovo_c903", "LS411N_c903", "LS513_c903", "MDST8_c903", "SNU61_c903")
"AKIRIN2_CCDS5013.1_ex2_6:88387621-88387644:+_5-1","AKIRIN2",58,10,c("C2BBe1_c903", "CL11_c903", "KM12_c903", "Lovo_c903", "LS1034_c903", "LS411N_c903", "MDST8_c903", "RCM1_c903", "SNU81_c903", "T84")
"ALG11_CCDS31977.1_ex2_13:52598412-52598435:-_5-4","ALG11",15,13,c("C2BBe1_c903", "HT29_c903", "HT29_c904", "KM12_c903", "Lovo_c903", "LS1034_c903", "LS411N_c903", "LS513_c903", "MDST8_c903", "RCM1_c903", "SNU61_c903", "SW837", "T84")
"APH1A_CCDS41390.1_ex3_1:150239860-150239883:+_5-4","APH1A",107,11,c("C2BBe1_c903", "CL11_c903", "HCT15_c902", "Lovo_c903", "LS1034_c903", "LS411N_c903", "LS513_c903", "MDST8_c903", "RCM1_c903", "SNU61_c903", "SNUC1_c903")
"CCDC82_CCDS8307.1_ex6_11:96117696-96117719:-_5-5","CCDC82",12,10,c("CL11_c903", "GP5d_c903", "KM12_c903", "LS1034_c903", "MDST8_c903", "RCM1_c903", "SNU61_c903", "SNU81_c903", "SNUC1_c903", "T84")
"CCDC94_CCDS12124.1_ex2_19:4251032-4251055:+_5-2","CCDC94",78,10,c("C2BBe1_c903", "CL11_c903", "HT29_c903", "HT29_c920", "KM12_c903", "Lovo_c903", "LS1034_c903", "LS411N_c903", "LS513_c903", "SW837")
"CCT4_CCDS33206.1_ex10_2:62107432-62107455:+_5-4","CCT4",28,10,c("CL11_c903", "GP5d_c903", "HCT15_c902", "Lovo_c903", "LS1034_c903", "LS411N_c903", "MDST8_c903", "RCM1_c903", "SNU81_c903", "SW837")
"CHEK1_CCDS58191.1_ex3_11:125499296-125499319:+_5-3","CHEK1",41,14,c("C2BBe1_c903", "CL11_c903", "HCT15_c902", "HT29_c903", "HT29_c904", "HT29_c920", "KM12_c903", "Lovo_c903", "LS1034_c903", "LS411N_c903", "MDST8_c903", "RCM1_c903", "SNU81_c903", "T84")
"CMTM1_CCDS10812.2_ex0_16:66600546-66600569:+_14-3","CMTM1",12,11,c("C2BBe1_c903", "HT29_c920", "KM12_c903", "Lovo_c903", "LS1034_c903", "LS513_c903", "MDST8_c903", "RCM1_c903", "SNU61_c903", "SNU81_c903", "T84")
"COPS2_CCDS32235.1_ex7_15:49429389-49429412:-_5-3","COPS2",12,10,c("GP5d_c903", "HT29_c904", "LS1034_c903", "LS411N_c903", "LS513_c903", "MDST8_c903", "RCM1_c903", "SNU81_c903", "SNUC1_c903", "SW837")
"COPZ1_CCDS61137.1_ex3_12:54737058-54737081:+_6-5","COPZ1",26,11,c("C2BBe1_c903", "GP5d_c903", "HT29_c920", "Lovo_c903", "LS1034_c903", "LS411N_c903", "LS513_c903", "RCM1_c903", "SNU61_c903", "SNU81_c903", "SNUC1_c903")
"DARS_CCDS2180.1_ex5_2:136673855-136673878:+_5-1","DARS",15,13,c("GP5d_c903", "HCT15_c902", "HT29_c903", "HT29_c904", "KM12_c903", "Lovo_c903", "LS1034_c903", "LS411N_c903", "MDST8_c903", "SNU81_c903", "SNUC1_c903", "SW837", "T84")
"DBR1_CCDS33863.1_ex4_3:137888998-137889021:+_5-1","DBR1",12,11,c("C2BBe1_c903", "CL11_c903", "HCT15_c902", "HT29_c903", "Lovo_c903", "LS1034_c903", "LS411N_c903", "LS513_c903", "SNUC1_c903", "SW837", "T84")
"DESI2_CCDS1626.1_ex3_1:244855241-244855264:+_5-4","DESI2",17,11,c("GP5d_c903", "HCT15_c902", "KM12_c903", "LS1034_c903", "LS411N_c903", "LS513_c903", "MDST8_c903", "SNU61_c903", "SNU81_c903", "SNUC1_c903", "T84")
"DHX15_CCDS33966.1_ex9_4:24556453-24556476:+_5-1","DHX15",45,11,c("C2BBe1_c903", "CL11_c903", "GP5d_c903", "KM12_c903", "LS1034_c903", "LS411N_c903", "LS513_c903", "MDST8_c903", "SNU61_c903", "SNU81_c903", "T84")
"DONSON_CCDS13632.1_ex5_21:34955901-34955924:+_5-1","DONSON",18,16,c("C2BBe1_c903", "CL11_c903", "GP5d_c903", "HCT15_c902", "HT29_c903", "HT29_c920", "KM12_c903", "Lovo_c903", "LS1034_c903", "LS411N_c903", "LS513_c903", "MDST8_c903", "RCM1_c903", "SNU61_c903", "SNU81_c903", "T84")
"DUT_CCDS32231.1_ex2_15:48626619-48626642:+_7-3","DUT",34,15,c("C2BBe1_c903", "CL11_c903", "GP5d_c903", "HCT15_c902", "HT29_c903", "HT29_c904", "KM12_c903", "Lovo_c903", "LS513_c903", "MDST8_c903", "RCM1_c903", "SNU61_c903", "SNU81_c903", "SNUC1_c903", "T84")
"DUT_CCDS32231.1_ex3_15:48628265-48628288:+_7-7","DUT",41,10,c("CL11_c903", "GP5d_c903", "Lovo_c903", "LS1034_c903", "LS411N_c903", "LS513_c903", "RCM1_c903", "SNU61_c903", "SNU81_c903", "T84")
"DYNLL1_CCDS9200.1_ex0_12:120934310-120934333:+_4-1","DYNLL1",14,10,c("C2BBe1_c903", "CL11_c903", "GP5d_c903", "Lovo_c903", "LS1034_c903", "LS411N_c903", "LS513_c903", "MDST8_c903", "SNUC1_c903", "T84")
"EIF4E_CCDS34031.1_ex1_4:99806181-99806204:+_5-1","EIF4E",16,13,c("C2BBe1_c903", "CL11_c903", "GP5d_c903", "HCT15_c902", "HT29_c904", "KM12_c903", "Lovo_c903", "LS513_c903", "MDST8_c903", "RCM1_c903", "SNUC1_c903", "SW837", "T84")
"ELMOD2_CCDS3752.1_ex2_4:141456954-141456977:+_5-3","ELMOD2",11,10,c("C2BBe1_c903", "CL11_c903", "KM12_c903", "LS411N_c903", "LS513_c903", "MDST8_c903", "RCM1_c903", "SNUC1_c903", "SW837", "T84")
"ETF1_CCDS4207.1_ex6_5:137849333-137849356:-_5-3","ETF1",13,15,c("C2BBe1_c903", "CL11_c903", "GP5d_c903", "HCT15_c902", "HT29_c903", "HT29_c904", "Lovo_c903", "LS411N_c903", "MDST8_c903", "RCM1_c903", "SNU61_c903", "SNU81_c903", "SNUC1_c903", "SW837", "T84")
"FAM129A_CCDS1364.1_ex4_1:184777298-184777321:+_5-1","FAM129A",11,10,c("CL11_c903", "HCT15_c902", "KM12_c903", "LS1034_c903", "LS513_c903", "MDST8_c903", "RCM1_c903", "SNU61_c903", "SNU81_c903", "SNUC1_c903")
"FARSB_CCDS2454.1_ex10_2:223497956-223497979:+_5-1","FARSB",29,12,c("CL11_c903", "GP5d_c903", "KM12_c903", "Lovo_c903", "LS1034_c903", "LS411N_c903", "LS513_c903", "MDST8_c903", "RCM1_c903", "SNU61_c903", "SNU81_c903", "T84")
"FCER1A_CCDS1184.1_ex2_1:159273777-159273800:+_5-2","FCER1A",12,10,c("C2BBe1_c903", "CL11_c903", "HCT15_c902", "Lovo_c903", "LS411N_c903", "LS513_c903", "MDST8_c903", "SNU81_c903", "SNUC1_c903", "T84")
"FCF1_CCDS9832.1_ex3_14:75182796-75182819:-_5-3","FCF1",25,17,c("C2BBe1_c903", "CL11_c903", "GP5d_c903", "HCT15_c902", "HT29_c904", "HT29_c920", "KM12_c903", "Lovo_c903", "LS1034_c903", "LS411N_c903", "LS513_c903", "MDST8_c903", "RCM1_c903", "SNU61_c903", "SNU81_c903", "SNUC1_c903", "T84")
"FIP1L1_CCDS3491.1_ex7_4:54257202-54257225:+_5-4","FIP1L1",27,11,c("C2BBe1_c903", "CL11_c903", "HT29_c904", "KM12_c903", "Lovo_c903", "LS411N_c903", "LS513_c903", "MDST8_c903", "SNU61_c903", "SNU81_c903", "T84")
"GNA13_CCDS11661.1_ex0_17:63010928-63010951:+_5-2","GNA13",19,11,c("CL11_c903", "GP5d_c903", "HCT15_c902", "HT29_c903", "LS1034_c903", "LS513_c903", "MDST8_c903", "RCM1_c903", "SNU81_c903", "SW837", "T84")
"GTF2E2_CCDS6078.1_ex3_8:30469916-30469939:-_5-3","GTF2E2",23,13,c("CL11_c903", "HCT15_c902", "HT29_c903", "KM12_c903", "Lovo_c903", "LS1034_c903", "LS513_c903", "MDST8_c903", "RCM1_c903", "SNU61_c903", "SNU81_c903", "SNUC1_c903", "SW837")
"INTS2_CCDS45750.1_ex15_17:59975086-59975109:-_5-1","INTS2",13,10,c("C2BBe1_c903", "CL11_c903", "KM12_c903", "Lovo_c903", "LS411N_c903", "MDST8_c903", "RCM1_c903", "SNUC1_c903", "SW837", "T84")
"KIF11_CCDS7422.1_ex7_10:94373271-94373294:-_5-4","KIF11",24,16,c("C2BBe1_c903", "CL11_c903", "GP5d_c903", "HT29_c903", "HT29_c920", "KM12_c903", "Lovo_c903", "LS1034_c903", "LS411N_c903", "LS513_c903", "MDST8_c903", "SNU61_c903", "SNU81_c903", "SNUC1_c903", "SW837", "T84")
"KRAS_CCDS8702.1_ex2_12:25380163-25380186:-_5-2","KRAS",21,13,c("C2BBe1_c903", "CL11_c903", "GP5d_c903", "Lovo_c903", "LS1034_c903", "LS411N_c903", "LS513_c903", "MDST8_c903", "RCM1_c903", "SNU61_c903", "SNU81_c903", "SNUC1_c903", "SW837")
"LSM5_CCDS47571.1_ex1_7:32527336-32527359:+_5-1","LSM5",23,11,c("C2BBe1_c903", "CL11_c903", "GP5d_c903", "HCT15_c902", "HT29_c903", "LS1034_c903", "LS411N_c903", "MDST8_c903", "RCM1_c903", "SNU61_c903", "SNU81_c903")
"MANEAL_CCDS426.1_ex1_1:38265292-38265315:-_12-8","MANEAL",11,10,c("C2BBe1_c903", "CL11_c903", "KM12_c903", "LS513_c903", "MDST8_c903", "RCM1_c903", "SNU81_c903", "SNUC1_c903", "SW837", "T84")
"MAX_CCDS41965.1_ex1_14:65544697-65544720:-_11-4","MAX",16,12,c("GP5d_c903", "HCT15_c902", "KM12_c903", "Lovo_c903", "LS1034_c903", "LS513_c903", "RCM1_c903", "SNU61_c903", "SNU81_c903", "SNUC1_c903", "SW837", "T84")
"MED6_CCDS61483.1_ex3_14:71060067-71060090:+_5-3","MED6",20,15,c("C2BBe1_c903", "CL11_c903", "HCT15_c902", "HT29_c903", "HT29_c920", "KM12_c903", "Lovo_c903", "LS1034_c903", "LS411N_c903", "LS513_c903", "MDST8_c903", "RCM1_c903", "SNU61_c903", "SNU81_c903", "SNUC1_c903")
"MTBP_CCDS6333.1_ex10_8:121483080-121483103:-_5-4","MTBP",12,17,c("C2BBe1_c903", "CL11_c903", "HCT15_c902", "HT29_c903", "HT29_c904", "HT29_c920", "Lovo_c903", "LS1034_c903", "LS411N_c903", "LS513_c903", "MDST8_c903", "RCM1_c903", "SNU61_c903", "SNU81_c903", "SNUC1_c903", "SW837", "T84")
"NACA_CCDS31837.1_ex3_12:57107337-57107360:+_10-2","NACA",23,11,c("GP5d_c903", "HCT15_c902", "KM12_c903", "Lovo_c903", "LS1034_c903", "LS411N_c903", "LS513_c903", "MDST8_c903", "SNU61_c903", "SNUC1_c903", "T84")
"NACA_CCDS31837.1_ex3_12:57107410-57107433:-_10-3","NACA",18,16,c("C2BBe1_c903", "GP5d_c903", "HCT15_c902", "HT29_c903", "KM12_c903", "Lovo_c903", "LS1034_c903", "LS411N_c903", "LS513_c903", "MDST8_c903", "RCM1_c903", "SNU61_c903", "SNU81_c903", "SNUC1_c903", "SW837", "T84")
"NAPA_CCDS12702.1_ex5_19:47996385-47996408:-_5-1","NAPA",12,10,c("C2BBe1_c903", "GP5d_c903", "HCT15_c902", "KM12_c903", "LS1034_c903", "LS411N_c903", "LS513_c903", "MDST8_c903", "SNU81_c903", "SNUC1_c903")
"NCBP2_CCDS3323.1_ex2_3:196666247-196666270:-_7-7","NCBP2",17,14,c("CL11_c903", "GP5d_c903", "HCT15_c902", "HT29_c903", "HT29_c904", "KM12_c903", "Lovo_c903", "LS411N_c903", "LS513_c903", "MDST8_c903", "RCM1_c903", "SNU61_c903", "SNU81_c903", "SNUC1_c903")
"NSF_CCDS42354.1_ex10_17:44771270-44771293:+_5-5","NSF",30,11,c("C2BBe1_c903", "HT29_c903", "HT29_c904", "HT29_c920", "LS1034_c903", "LS411N_c903", "LS513_c903", "MDST8_c903", "RCM1_c903", "SNU81_c903", "SW837")
"NUTF2_CCDS10848.1_ex0_16:67899099-67899122:+_5-1","NUTF2",40,14,c("C2BBe1_c903", "CL11_c903", "GP5d_c903", "HCT15_c902", "HT29_c904", "HT29_c920", "KM12_c903", "Lovo_c903", "LS411N_c903", "MDST8_c903", "RCM1_c903", "SNU81_c903", "SNUC1_c903", "T84")
"ORC6_CCDS10722.1_ex2_16:46726415-46726438:+_5-4","ORC6",55,10,c("CL11_c903", "GP5d_c903", "HT29_c903", "HT29_c920", "LS1034_c903", "LS411N_c903", "MDST8_c903", "SNU81_c903", "SNUC1_c903", "SW837")
"PHB_CCDS11548.1_ex5_17:47490527-47490550:+_5-5","PHB",26,12,c("C2BBe1_c903", "CL11_c903", "GP5d_c903", "HCT15_c902", "HT29_c903", "KM12_c903", "Lovo_c903", "LS411N_c903", "LS513_c903", "SNU61_c903", "SNU81_c903", "SW837")
"PLEKHA8_CCDS5424.1_ex2_7:30085820-30085843:-_7-1","PLEKHA8",14,10,c("HCT15_c902", "HT29_c904", "Lovo_c903", "LS1034_c903", "LS411N_c903", "MDST8_c903", "RCM1_c903", "SNU61_c903", "SNU81_c903", "SNUC1_c903")
"POLE2_CCDS32073.1_ex12_14:50133092-50133115:+_5-4","POLE2",28,13,c("C2BBe1_c903", "CL11_c903", "HCT15_c902", "HT29_c904", "KM12_c903", "Lovo_c903", "LS1034_c903", "LS411N_c903", "MDST8_c903", "RCM1_c903", "SNU81_c903", "SW837", "T84")
"POLR2B_CCDS3511.1_ex5_4:57861534-57861557:-_5-2","POLR2B",40,16,c("C2BBe1_c903", "CL11_c903", "GP5d_c903", "HCT15_c902", "HT29_c920", "KM12_c903", "Lovo_c903", "LS1034_c903", "LS411N_c903", "LS513_c903", "MDST8_c903", "RCM1_c903", "SNU81_c903", "SNUC1_c903", "SW837", "T84")
"POLR2B_CCDS3511.1_ex7_4:57871595-57871618:-_5-3","POLR2B",17,13,c("C2BBe1_c903", "CL11_c903", "GP5d_c903", "HT29_c903", "HT29_c904", "HT29_c920", "Lovo_c903", "LS1034_c903", "LS411N_c903", "LS513_c903", "MDST8_c903", "SNU81_c903", "SNUC1_c903")
"PRPF38A_CCDS567.1_ex2_1:52874313-52874336:-_5-3","PRPF38A",55,13,c("CL11_c903", "HT29_c903", "HT29_c904", "KM12_c903", "Lovo_c903", "LS1034_c903", "LS411N_c903", "LS513_c903", "MDST8_c903", "RCM1_c903", "SNU81_c903", "SNUC1_c903", "T84")
"PSMA2_CCDS5467.1_ex5_7:42966123-42966146:+_5-2","PSMA2",16,14,c("C2BBe1_c903", "CL11_c903", "HCT15_c902", "HT29_c903", "HT29_c904", "HT29_c920", "KM12_c903", "LS411N_c903", "MDST8_c903", "RCM1_c903", "SNU61_c903", "SNU81_c903", "SNUC1_c903", "T84")
"PSMA5_CCDS55619.1_ex3_1:109954527-109954550:+_5-2","PSMA5",18,17,c("C2BBe1_c903", "CL11_c903", "GP5d_c903", "HCT15_c902", "HT29_c904", "HT29_c920", "KM12_c903", "Lovo_c903", "LS1034_c903", "LS411N_c903", "LS513_c903", "MDST8_c903", "RCM1_c903", "SNU61_c903", "SNU81_c903", "SNUC1_c903", "SW837")
"PSMA6_CCDS61437.1_ex3_14:35780088-35780111:-_5-3","PSMA6",29,14,c("C2BBe1_c903", "CL11_c903", "GP5d_c903", "HT29_c920", "KM12_c903", "Lovo_c903", "LS1034_c903", "LS411N_c903", "LS513_c903", "MDST8_c903", "RCM1_c903", "SNU81_c903", "SNUC1_c903", "T84")
"PSMA6_CCDS61437.1_ex4_14:35782121-35782144:-_5-4","PSMA6",45,10,c("CL11_c903", "GP5d_c903", "HCT15_c902", "Lovo_c903", "LS1034_c903", "LS411N_c903", "LS513_c903", "MDST8_c903", "SNU81_c903", "SW837")
"PSMB1_CCDS34577.1_ex2_6:170852779-170852802:-_5-2","PSMB1",168,10,c("C2BBe1_c903", "CL11_c903", "HT29_c903", "HT29_c904", "HT29_c920", "KM12_c903", "LS411N_c903", "MDST8_c903", "RCM1_c903", "SNU81_c903")
"PSMB6_CCDS11056.1_ex3_17:4701018-4701041:-_5-3","PSMB6",13,14,c("C2BBe1_c903", "CL11_c903", "GP5d_c903", "HCT15_c902", "HT29_c903", "Lovo_c903", "LS1034_c903", "LS411N_c903", "MDST8_c903", "RCM1_c903", "SNU61_c903", "SNU81_c903", "SNUC1_c903", "T84")
"PSMD6_CCDS2901.1_ex5_3:64005025-64005048:-_5-2","PSMD6",38,13,c("CL11_c903", "GP5d_c903", "HCT15_c902", "KM12_c903", "Lovo_c903", "LS411N_c903", "LS513_c903", "MDST8_c903", "RCM1_c903", "SNU61_c903", "SNU81_c903", "SNUC1_c903", "T84")
"PTMS_CCDS8560.1_ex2_12:6879132-6879155:+_5-5","PTMS",85,10,c("C2BBe1_c903", "CL11_c903", "GP5d_c903", "HT29_c903", "HT29_c920", "LS411N_c903", "SNU61_c903", "SNU81_c903", "SNUC1_c903", "SW837")
"RAN_CCDS9271.1_ex2_12:131357571-131357594:-_5-1","RAN",165,10,c("C2BBe1_c903", "CL11_c903", "HT29_c903", "HT29_c904", "HT29_c920", "KM12_c903", "Lovo_c903", "LS411N_c903", "MDST8_c903", "SNUC1_c903")
"RAN_CCDS9271.1_ex2_12:131357655-131357678:+_5-3","RAN",85,13,c("CL11_c903", "GP5d_c903", "HT29_c903", "KM12_c903", "LS1034_c903", "LS411N_c903", "LS513_c903", "MDST8_c903", "RCM1_c903", "SNU61_c903", "SNU81_c903", "SNUC1_c903", "SW837")
"RAN_CCDS9271.1_ex3_12:131359207-131359230:+_5-5","RAN",104,12,c("C2BBe1_c903", "CL11_c903", "HT29_c903", "HT29_c904", "KM12_c903", "Lovo_c903", "LS411N_c903", "LS513_c903", "MDST8_c903", "SNUC1_c903", "SW837", "T84")
"RBM8A_CCDS916.1_ex2_1:145508191-145508214:+_5-2","RBM8A",11,14,c("GP5d_c903", "HCT15_c902", "HT29_c903", "HT29_c904", "KM12_c903", "LS1034_c903", "LS411N_c903", "LS513_c903", "MDST8_c903", "RCM1_c903", "SNU81_c903", "SNUC1_c903", "SW837", "T84")
"RBMX_CCDS14661.1_ex7_X:135961476-135961499:-_6-6","RBMX",34,10,c("C2BBe1_c903", "CL11_c903", "GP5d_c903", "HCT15_c902", "KM12_c903", "Lovo_c903", "LS411N_c903", "LS513_c903", "MDST8_c903", "RCM1_c903")
"RBX1_CCDS14009.1_ex1_22:41349620-41349643:-_5-3","RBX1",34,10,c("C2BBe1_c903", "CL11_c903", "GP5d_c903", "HT29_c903", "HT29_c904", "KM12_c903", "LS1034_c903", "LS513_c903", "MDST8_c903", "SW837")
"RPAP1_CCDS10079.1_ex11_15:41819160-41819183:+_5-2","RPAP1",23,10,c("C2BBe1_c903", "CL11_c903", "GP5d_c903", "LS1034_c903", "LS411N_c903", "LS513_c903", "MDST8_c903", "RCM1_c903", "SNU81_c903", "SNUC1_c903")
"RPL14_CCDS33739.1_ex3_3:40502933-40502956:+_5-4","RPL14",36,11,c("CL11_c903", "GP5d_c903", "Lovo_c903", "LS1034_c903", "LS513_c903", "MDST8_c903", "RCM1_c903", "SNU61_c903", "SNU81_c903", "SW837", "T84")
"RPL3_CCDS13988.1_ex7_22:39713564-39713587:+_5-3","RPL3",34,14,c("C2BBe1_c903", "GP5d_c903", "HCT15_c902", "HT29_c904", "KM12_c903", "Lovo_c903", "LS1034_c903", "LS411N_c903", "LS513_c903", "MDST8_c903", "RCM1_c903", "SNU61_c903", "SNU81_c903", "T84")
"RPL4_CCDS10218.1_ex5_15:66794124-66794147:-_5-3","RPL4",47,10,c("C2BBe1_c903", "GP5d_c903", "HT29_c904", "KM12_c903", "LS411N_c903", "LS513_c903", "MDST8_c903", "SNU61_c903", "SNU81_c903", "T84")
"RPS12_CCDS5164.1_ex3_6:133138106-133138129:+_5-5","RPS12",16,13,c("C2BBe1_c903", "CL11_c903", "GP5d_c903", "HCT15_c902", "HT29_c903", "KM12_c903", "Lovo_c903", "LS1034_c903", "LS411N_c903", "LS513_c903", "MDST8_c903", "SNU81_c903", "T84")
"RPS23_CCDS47241.1_ex1_5:81572285-81572308:+_5-2","RPS23",34,11,c("C2BBe1_c903", "GP5d_c903", "HT29_c903", "HT29_c904", "KM12_c903", "Lovo_c903", "LS1034_c903", "LS411N_c903", "LS513_c903", "RCM1_c903", "SNU81_c903")
"RPS27A_CCDS33202.1_ex2_2:55461286-55461309:+_5-2","RPS27A",154,10,c("C2BBe1_c903", "GP5d_c903", "HT29_c903", "KM12_c903", "LS411N_c903", "MDST8_c903", "RCM1_c903", "SNU61_c903", "SNU81_c903", "SNUC1_c903")
"RPS4X_CCDS14418.1_ex3_X:71494910-71494933:-_5-1","RPS4X",96,12,c("CL11_c903", "GP5d_c903", "HT29_c903", "HT29_c904", "HT29_c920", "KM12_c903", "LS1034_c903", "LS411N_c903", "MDST8_c903", "SNU61_c903", "SNU81_c903", "SNUC1_c903")
"RRM2_CCDS1669.1_ex6_2:10267258-10267281:-_5-5","RRM2",51,15,c("C2BBe1_c903", "GP5d_c903", "HT29_c903", "HT29_c904", "HT29_c920", "KM12_c903", "Lovo_c903", "LS1034_c903", "LS411N_c903", "LS513_c903", "MDST8_c903", "RCM1_c903", "SNU61_c903", "SNU81_c903", "SNUC1_c903")
"SCFD1_CCDS45092.1_ex8_14:31139579-31139602:+_5-4","SCFD1",32,11,c("C2BBe1_c903", "CL11_c903", "HCT15_c902", "HT29_c903", "HT29_c920", "KM12_c903", "Lovo_c903", "LS1034_c903", "LS411N_c903", "MDST8_c903", "T84")
"SF3A3_CCDS428.1_ex9_1:38446349-38446372:+_5-2","SF3A3",71,10,c("HCT15_c902", "Lovo_c903", "LS1034_c903", "LS411N_c903", "MDST8_c903", "RCM1_c903", "SNU61_c903", "SNU81_c903", "SW837", "T84")
"SF3B5_CCDS5204.1_ex0_6:144416468-144416491:+_5-2","SF3B5",152,10,c("C2BBe1_c903", "CL11_c903", "GP5d_c903", "HCT15_c902", "HT29_c903", "KM12_c903", "LS1034_c903", "LS411N_c903", "SNU61_c903", "SNU81_c903")
"SKA1_CCDS11946.1_ex4_18:47917532-47917555:+_5-5","SKA1",11,10,c("CL11_c903", "HT29_c903", "KM12_c903", "Lovo_c903", "LS1034_c903", "LS513_c903", "MDST8_c903", "RCM1_c903", "SNUC1_c903", "T84")
"SLC37A1_CCDS13689.1_ex4_21:43959639-43959662:-_5-1","SLC37A1",17,15,c("CL11_c903", "GP5d_c903", "HCT15_c902", "HT29_c903", "Lovo_c903", "LS1034_c903", "LS411N_c903", "LS513_c903", "MDST8_c903", "RCM1_c903", "SNU61_c903", "SNU81_c903", "SNUC1_c903", "SW837", "T84")
"SNRPA1_CCDS10391.1_ex4_15:101827198-101827221:-_5-1","SNRPA1",14,18,c("C2BBe1_c903", "CL11_c903", "GP5d_c903", "HCT15_c902", "HT29_c903", "HT29_c904", "HT29_c920", "KM12_c903", "Lovo_c903", "LS1034_c903", "LS411N_c903", "LS513_c903", "MDST8_c903", "RCM1_c903", "SNU61_c903", "SNUC1_c903", "SW837", "T84")
"SOX30_CCDS4339.1_ex4_5:157078882-157078905:-_5-5","SOX30",19,12,c("C2BBe1_c903", "CL11_c903", "HCT15_c902", "HT29_c903", "HT29_c904", "KM12_c903", "LS411N_c903", "LS513_c903", "RCM1_c903", "SNU81_c903", "SNUC1_c903", "T84")
"SPC25_CCDS2229.1_ex2_2:169732604-169732627:-_5-1","SPC25",39,10,c("CL11_c903", "HCT15_c902", "HT29_c904", "Lovo_c903", "LS411N_c903", "LS513_c903", "RCM1_c903", "SNU81_c903", "SNUC1_c903", "T84")
"SRP54_CCDS53893.1_ex3_14:35477830-35477853:+_5-2","SRP54",55,12,c("C2BBe1_c903", "CL11_c903", "GP5d_c903", "HT29_c904", "LS1034_c903", "LS411N_c903", "LS513_c903", "MDST8_c903", "SNU81_c903", "SNUC1_c903", "SW837", "T84")
"SYNE2_CCDS41963.1_ex105_14:64683085-64683108:-_14-9","SYNE2",11,10,c("C2BBe1_c903", "CL11_c903", "KM12_c903", "LS1034_c903", "LS411N_c903", "LS513_c903", "MDST8_c903", "RCM1_c903", "SNUC1_c903", "T84")
"TAF2_CCDS34937.1_ex23_8:120831656-120831679:-_5-5","TAF2",22,12,c("C2BBe1_c903", "CL11_c903", "GP5d_c903", "HCT15_c902", "KM12_c903", "LS1034_c903", "LS411N_c903", "MDST8_c903", "RCM1_c903", "SNU61_c903", "SNUC1_c903", "T84")
"THOC1_CCDS45820.1_ex15_18:259680-259703:-_5-4","THOC1",12,14,c("CL11_c903", "GP5d_c903", "HCT15_c902", "HT29_c904", "KM12_c903", "LS1034_c903", "LS411N_c903", "LS513_c903", "MDST8_c903", "RCM1_c903", "SNU81_c903", "SNUC1_c903", "SW837", "T84")
"TMA16_CCDS43278.1_ex3_4:164435219-164435242:+_5-3","TMA16",11,11,c("CL11_c903", "HCT15_c902", "HT29_c903", "KM12_c903", "LS1034_c903", "LS411N_c903", "LS513_c903", "MDST8_c903", "RCM1_c903", "SNUC1_c903", "T84")
"TOP2A_CCDS45672.1_ex21_17:38563071-38563094:+_5-1","TOP2A",13,17,c("C2BBe1_c903", "GP5d_c903", "HCT15_c902", "HT29_c903", "HT29_c904", "HT29_c920", "KM12_c903", "Lovo_c903", "LS1034_c903", "LS411N_c903", "LS513_c903", "MDST8_c903", "SNU61_c903", "SNU81_c903", "SNUC1_c903", "SW837", "T84")
"TWISTNB_CCDS34606.1_ex1_7:19739884-19739907:+_5-1","TWISTNB",32,10,c("C2BBe1_c903", "GP5d_c903", "HT29_c904", "KM12_c903", "LS1034_c903", "LS411N_c903", "MDST8_c903", "SNU81_c903", "SNUC1_c903", "T84")
"U2AF1_CCDS13694.1_ex3_21:44515542-44515565:-_5-5","U2AF1",26,15,c("C2BBe1_c903", "CL11_c903", "GP5d_c903", "HCT15_c902", "HT29_c904", "KM12_c903", "LS1034_c903", "LS411N_c903", "LS513_c903", "MDST8_c903", "RCM1_c903", "SNU61_c903", "SNU81_c903", "SNUC1_c903", "SW837")
"WDR82_CCDS2851.2_ex7_3:52304792-52304815:-_5-4","WDR82",13,13,c("C2BBe1_c903", "CL11_c903", "GP5d_c903", "HT29_c903", "HT29_c904", "Lovo_c903", "LS1034_c903", "LS411N_c903", "LS513_c903", "MDST8_c903", "SNU61_c903", "SNUC1_c903", "T84")
"WEE1_CCDS44536.1_ex2_11:9598121-9598144:+_5-2","WEE1",12,15,c("C2BBe1_c903", "CL11_c903", "GP5d_c903", "HCT15_c902", "HT29_c903", "KM12_c903", "Lovo_c903", "LS1034_c903", "LS411N_c903", "LS513_c903", "MDST8_c903", "RCM1_c903", "SNU61_c903", "SNUC1_c903", "T84")
"YARS_CCDS368.1_ex9_1:33272089-33272112:-_5-4","YARS",11,15,c("C2BBe1_c903", "CL11_c903", "GP5d_c903", "HCT15_c902", "HT29_c903", "KM12_c903", "Lovo_c903", "LS1034_c903", "LS411N_c903", "LS513_c903", "MDST8_c903", "SNU61_c903", "SNU81_c903", "SW837", "T84")
"ZNF501_CCDS2720.2_ex0_3:44776130-44776153:-_5-2","ZNF501",23,16,c("C2BBe1_c903", "CL11_c903", "GP5d_c903", "HT29_c903", "HT29_c904", "KM12_c903", "Lovo_c903", "LS1034_c903", "LS411N_c903", "LS513_c903", "MDST8_c903", "RCM1_c903", "SNU61_c903", "SNU81_c903", "SW837", "T84")
"ZNF680_CCDS34644.1_ex2_7:64004692-64004715:-_7-7","ZNF680",55,15,c("C2BBe1_c903", "CL11_c903", "GP5d_c903", "HT29_c903", "HT29_c904", "KM12_c903", "Lovo_c903", "LS1034_c903", "LS411N_c903", "LS513_c903", "MDST8_c903", "RCM1_c903", "SNU61_c903", "SNU81_c903", "SNUC1_c903")
